{
  "validation": {
    "MAE": 12.003532159881546,
    "RMSE": 18.529003887730067,
    "MAPE": 19.971400468311515
  },
  "test": {
    "MAE": 11.867146984403373,
    "RMSE": 18.25832274668501,
    "MAPE": 19.599391512437258
  }
}