{
  "validation": {
    "MAE": 10.78828840373502,
    "RMSE": 16.507683653235134,
    "MAPE": 19.04009563327791
  },
  "test": {
    "MAE": 10.447820732977483,
    "RMSE": 15.72742147394224,
    "MAPE": 18.203360559931358
  }
}
