{
  "validation": {
    "MAE": 11.454105706289525,
    "RMSE": 17.870357186527997,
    "MAPE": 18.961303327866215
  },
  "test": {
    "MAE": 11.631614382959699,
    "RMSE": 18.096927111471594,
    "MAPE": 18.79251690539213
  }
}